study,dataset,variable,instrument,question,item
scp,p_2021_1,interviewdatum,2021_1,interviewdatum,interviewdatum
scp,p_2021_1,interviewdauer,2021_1,interviewdauer,interviewdauer
scp,p_2021_1,interviewsprache,2021_1,interviewsprache,interviewsprache
scp,p_2021_1,intvollst,2021_1,intvollst,intvollst
scp,p_2021_1,pgmode,2021_1,pgmode,pgmode
scp,p_2021_1,pcohes01,2021_1,Q1,pcohes01
scp,p_2021_1,pcohes02,2021_1,Q1,pcohes02
scp,p_2021_1,pcohes03,2021_1,Q1,pcohes03
scp,p_2021_1,pcohes04,2021_1,Q1,pcohes04
scp,p_2021_1,pcohes05,2021_1,Q1,pcohes05
scp,p_2021_1,pcohes06,2021_1,Q1,pcohes06
scp,p_2021_1,pcohes07,2021_1,Q1,pcohes07
scp,p_2021_1,pcohes08,2021_1,Q1,pcohes08
scp,p_2021_1,pcohes09,2021_1,Q1,pcohes09
scp,p_2021_1,pcohes10,2021_1,Q1,pcohes10
scp,p_2021_1,pcohes11,2021_1,Q1,pcohes11
scp,p_2021_1,pcohes12,2021_1,Q1,pcohes12
scp,p_2021_1,pcovmeas,2021_1,Q10,pcovmeas
scp,p_2021_1,pcovlim,2021_1,Q11,pcovlim
scp,p_2021_1,psuppo01,2021_1,Q12,psuppo01
scp,p_2021_1,psuppo02,2021_1,Q12,psuppo02
scp,p_2021_1,psuppo03,2021_1,Q12,psuppo03
scp,p_2021_1,psuppo04,2021_1,Q12,psuppo04
scp,p_2021_1,pgentrust,2021_1,Q13,pgentrust
scp,p_2021_1,pinsttrust01,2021_1,Q14,pinsttrust01
scp,p_2021_1,pinsttrust02,2021_1,Q14,pinsttrust02
scp,p_2021_1,pinsttrust03,2021_1,Q14,pinsttrust03
scp,p_2021_1,pinsttrust04,2021_1,Q14,pinsttrust04
scp,p_2021_1,pinsttrust05,2021_1,Q14,pinsttrust05
scp,p_2021_1,pinsttrust06,2021_1,Q14,pinsttrust06
scp,p_2021_1,pinsttrust07,2021_1,Q14,pinsttrust07
scp,p_2021_1,pinsttrust08,2021_1,Q14,pinsttrust08
scp,p_2021_1,pinsttrust09,2021_1,Q14,pinsttrust09
scp,p_2021_1,pinsttrust10,2021_1,Q14,pinsttrust10
scp,p_2021_1,pinsttrust11,2021_1,Q14,pinsttrust11
scp,p_2021_1,porigin,2021_1,Q15a,porigin
scp,p_2021_1,pothcount,2021_1,Q15b,pothcount
scp,p_2021_1,pgermstay,2021_1,Q15c,pgermstay
scp,p_2021_1,pnation01,2021_1,Q16a,pnation01
scp,p_2021_1,pnation02,2021_1,Q16a,pnation02
scp,p_2021_1,pnatoth,2021_1,Q16b,pnatoth
scp,p_2021_1,pmigback01,2021_1,Q17,pmigback01
scp,p_2021_1,pmigback02,2021_1,Q17,pmigback02
scp,p_2021_1,preligion,2021_1,Q18,preligion
scp,p_2021_1,pdemocfit,2021_1,Q19,pdemocfit
scp,p_2021_1,plifeuse,2021_1,Q2,plifeuse
scp,p_2021_1,pdemocsat,2021_1,Q20,pdemocsat
scp,p_2021_1,pclimsor,2021_1,Q21,pclimsor
scp,p_2021_1,pclimcon,2021_1,Q22,pclimcon
scp,p_2021_1,pfamexp01,2021_1,Q23,pfamexp01
scp,p_2021_1,pfamexp02,2021_1,Q23,pfamexp02
scp,p_2021_1,pfamexp03,2021_1,Q23,pfamexp03
scp,p_2021_1,pfamexp04,2021_1,Q23,pfamexp04
scp,p_2021_1,pfamexp05,2021_1,Q23,pfamexp05
scp,p_2021_1,pfamexp06,2021_1,Q23,pfamexp06
scp,p_2021_1,pworkexp01,2021_1,Q24,pworkexp01
scp,p_2021_1,pworkexp02,2021_1,Q24,pworkexp02
scp,p_2021_1,pworkexp03,2021_1,Q24,pworkexp03
scp,p_2021_1,pworkexp04,2021_1,Q24,pworkexp04
scp,p_2021_1,pworkexp05,2021_1,Q24,pworkexp05
scp,p_2021_1,pworkexp06,2021_1,Q24,pworkexp06
scp,p_2021_1,pneighexp01,2021_1,Q25,pneighexp01
scp,p_2021_1,pneighexp02,2021_1,Q25,pneighexp02
scp,p_2021_1,pneighexp03,2021_1,Q25,pneighexp03
scp,p_2021_1,pneighexp04,2021_1,Q25,pneighexp04
scp,p_2021_1,pneighexp05,2021_1,Q25,pneighexp05
scp,p_2021_1,pneighexp06,2021_1,Q25,pneighexp06
scp,p_2021_1,punivtrad01,2021_1,Q26,punivtrad01
scp,p_2021_1,punivtrad02,2021_1,Q26,punivtrad02
scp,p_2021_1,punivtrad03,2021_1,Q26,punivtrad03
scp,p_2021_1,punivtrad04,2021_1,Q26,punivtrad04
scp,p_2021_1,punivtrad05,2021_1,Q26,punivtrad05
scp,p_2021_1,punivtrad06,2021_1,Q26,punivtrad06
scp,p_2021_1,pgrpsymp01,2021_1,Q27,pgrpsymp01
scp,p_2021_1,pgrpsymp02,2021_1,Q27,pgrpsymp02
scp,p_2021_1,pgrpsymp03,2021_1,Q27,pgrpsymp03
scp,p_2021_1,pgrpsymp04,2021_1,Q27,pgrpsymp04
scp,p_2021_1,pgrpsymp05,2021_1,Q27,pgrpsymp05
scp,p_2021_1,pgrpsymp06,2021_1,Q27,pgrpsymp06
scp,p_2021_1,pgrpsymp07,2021_1,Q27,pgrpsymp07
scp,p_2021_1,pgrpsymp08,2021_1,Q27,pgrpsymp08
scp,p_2021_1,pgrpsymp09,2021_1,Q27,pgrpsymp09
scp,p_2021_1,pgrpsymp10,2021_1,Q27,pgrpsymp10
scp,p_2021_1,pgrpsymp11,2021_1,Q27,pgrpsymp11
scp,p_2021_1,pgrpsymp12,2021_1,Q27,pgrpsymp12
scp,p_2021_1,pgrpsymp13,2021_1,Q27,pgrpsymp13
scp,p_2021_1,pgrpsymp14,2021_1,Q27,pgrpsymp14
scp,p_2021_1,pgrpsymp15,2021_1,Q27,pgrpsymp15
scp,p_2021_1,pgrpsymp16,2021_1,Q27,pgrpsymp16
scp,p_2021_1,pgrpsymp17,2021_1,Q27,pgrpsymp17
scp,p_2021_1,pgrpknow01,2021_1,Q28,pgrpknow01
scp,p_2021_1,pgrpknow02,2021_1,Q28,pgrpknow02
scp,p_2021_1,pgrpknow03,2021_1,Q28,pgrpknow03
scp,p_2021_1,pgrpknow04,2021_1,Q28,pgrpknow04
scp,p_2021_1,pgrpknow05,2021_1,Q28,pgrpknow05
scp,p_2021_1,pgrpknow06,2021_1,Q28,pgrpknow06
scp,p_2021_1,pgrpknow07,2021_1,Q28,pgrpknow07
scp,p_2021_1,pgrpknow08,2021_1,Q28,pgrpknow08
scp,p_2021_1,pgrpknow09,2021_1,Q28,pgrpknow09
scp,p_2021_1,pgrpknow10,2021_1,Q28,pgrpknow10
scp,p_2021_1,pgrpknow11,2021_1,Q28,pgrpknow11
scp,p_2021_1,pgrpknow12,2021_1,Q28,pgrpknow12
scp,p_2021_1,pgrpknow13,2021_1,Q28,pgrpknow13
scp,p_2021_1,pgrpknow14,2021_1,Q28,pgrpknow14
scp,p_2021_1,pgrpknow15,2021_1,Q28,pgrpknow15
scp,p_2021_1,pgrpknow16,2021_1,Q28,pgrpknow16
scp,p_2021_1,pgrpknow17,2021_1,Q28,pgrpknow17
scp,p_2021_1,pfreespeech,2021_1,Q29,pfreespeech
scp,p_2021_1,plifesat,2021_1,Q3,plifesat
scp,p_2021_1,pfrspcons01,2021_1,Q30,pfrspcons01
scp,p_2021_1,pfrspcons02,2021_1,Q30,pfrspcons02
scp,p_2021_1,pfrspcons03,2021_1,Q30,pfrspcons03
scp,p_2021_1,pfrspcons04,2021_1,Q30,pfrspcons04
scp,p_2021_1,pfrspcons05,2021_1,Q30,pfrspcons05
scp,p_2021_1,pfrspcons06,2021_1,Q30,pfrspcons06
scp,p_2021_1,pfrspcons07,2021_1,Q30,pfrspcons07
scp,p_2021_1,ppopul01,2021_1,Q31,ppopul01
scp,p_2021_1,ppopul02,2021_1,Q31,ppopul02
scp,p_2021_1,ppopul03,2021_1,Q31,ppopul03
scp,p_2021_1,ppopul04,2021_1,Q31,ppopul04
scp,p_2021_1,ppopul05,2021_1,Q31,ppopul05
scp,p_2021_1,ppopul06,2021_1,Q31,ppopul06
scp,p_2021_1,ppopul07,2021_1,Q31,ppopul07
scp,p_2021_1,ppopul08,2021_1,Q31,ppopul08
scp,p_2021_1,ppopul09,2021_1,Q31,ppopul09
scp,p_2021_1,pladder01,2021_1,Q32,pladder01
scp,p_2021_1,preldepriv,2021_1,Q33,preldepriv
scp,p_2021_1,pedu01,2021_1,Q34,pedu01
scp,p_2021_1,pedu02,2021_1,Q35,pedu02
scp,p_2021_1,pempstat1,2021_1,Q36,pempstat1
scp,p_2021_1,pgainemp,2021_1,Q37,pgainemp
scp,p_2021_1,pempcond01,2021_1,Q38,pempcond01
scp,p_2021_1,pempcond02,2021_1,Q38,pempcond02
scp,p_2021_1,pempcond03,2021_1,Q38,pempcond03
scp,p_2021_1,pcontract,2021_1,Q39,pcontract
scp,p_2021_1,ppolatt,2021_1,Q4,ppolatt
scp,p_2021_1,poccupation,2021_1,Q40,poccupation
scp,p_2021_1,poccstat,2021_1,Q41,poccstat
scp,p_2021_1,pselfemp,2021_1,Q42,pselfemp
scp,p_2021_1,pcivil,2021_1,Q43,pcivil
scp,p_2021_1,pempl,2021_1,Q44,pempl
scp,p_2021_1,pworker,2021_1,Q45,pworker
scp,p_2021_1,plabincbrut,2021_1,Q46,plabincbrut
scp,p_2021_1,plabincnet,2021_1,Q46,plabincnet
scp,p_2021_1,pnolabinc,2021_1,Q46,pnolabinc
scp,p_2021_1,psundvote,2021_1,Q47,psundvote
scp,p_2021_1,phhtyp,2021_1,Q48,phhtyp
scp,p_2021_1,phhsize,2021_1,Q49,phhsize
scp,p_2021_1,pgender,2021_1,Q5,pgender
scp,p_2021_1,phhage01,2021_1,Q50,phhage01
scp,p_2021_1,phhage02,2021_1,Q50,phhage02
scp,p_2021_1,phhage03,2021_1,Q50,phhage03
scp,p_2021_1,phhincnet,2021_1,Q51,phhincnet
scp,p_2021_1,phhbasup,2021_1,Q52,phhbasup
scp,p_2021_1,hpname01,2021_1,Q53a1,hpname01
scp,p_2021_1,hpname10,2021_1,Q53a10,hpname10
scp,p_2021_1,hpname11,2021_1,Q53a11,hpname11
scp,p_2021_1,hpname12,2021_1,Q53a12,hpname12
scp,p_2021_1,hpname02,2021_1,Q53a2,hpname02
scp,p_2021_1,hpname03,2021_1,Q53a3,hpname03
scp,p_2021_1,hpname04,2021_1,Q53a4,hpname04
scp,p_2021_1,hpname05,2021_1,Q53a5,hpname05
scp,p_2021_1,hpname06,2021_1,Q53a6,hpname06
scp,p_2021_1,hpname07,2021_1,Q53a7,hpname07
scp,p_2021_1,hpname08,2021_1,Q53a8,hpname08
scp,p_2021_1,hpname09,2021_1,Q53a9,hpname09
scp,p_2021_1,hpsex01,2021_1,Q53b1,hpsex01
scp,p_2021_1,hpsex10,2021_1,Q53b10,hpsex10
scp,p_2021_1,hpsex11,2021_1,Q53b11,hpsex11
scp,p_2021_1,hpsex12,2021_1,Q53b12,hpsex12
scp,p_2021_1,hpsex02,2021_1,Q53b2,hpsex02
scp,p_2021_1,hpsex03,2021_1,Q53b3,hpsex03
scp,p_2021_1,hpsex04,2021_1,Q53b4,hpsex04
scp,p_2021_1,hpsex05,2021_1,Q53b5,hpsex05
scp,p_2021_1,hpsex06,2021_1,Q53b6,hpsex06
scp,p_2021_1,hpsex07,2021_1,Q53b7,hpsex07
scp,p_2021_1,hpsex08,2021_1,Q53b8,hpsex08
scp,p_2021_1,hpsex09,2021_1,Q53b9,hpsex09
scp,p_2021_1,hprelat01,2021_1,Q53c1,hprelat01
scp,p_2021_1,hprelat10,2021_1,Q53c10,hprelat10
scp,p_2021_1,hprelat11,2021_1,Q53c11,hprelat11
scp,p_2021_1,hprelat12,2021_1,Q53c12,hprelat12
scp,p_2021_1,hprelat02,2021_1,Q53c2,hprelat02
scp,p_2021_1,hprelat03,2021_1,Q53c3,hprelat03
scp,p_2021_1,hprelat04,2021_1,Q53c4,hprelat04
scp,p_2021_1,hprelat05,2021_1,Q53c5,hprelat05
scp,p_2021_1,hprelat06,2021_1,Q53c6,hprelat06
scp,p_2021_1,hprelat07,2021_1,Q53c7,hprelat07
scp,p_2021_1,hprelat08,2021_1,Q53c8,hprelat08
scp,p_2021_1,hprelat09,2021_1,Q53c9,hprelat09
scp,p_2021_1,hpbmnth01,2021_1,Q53d1,hpbmnth01
scp,p_2021_1,hpbyear01,2021_1,Q53d1,hpbyear01
scp,p_2021_1,hpbmnth10,2021_1,Q53d10,hpbmnth10
scp,p_2021_1,hpbyear10,2021_1,Q53d10,hpbyear10
scp,p_2021_1,hpbmnth11,2021_1,Q53d11,hpbmnth11
scp,p_2021_1,hpbyear11,2021_1,Q53d11,hpbyear11
scp,p_2021_1,hpbmnth12,2021_1,Q53d12,hpbmnth12
scp,p_2021_1,hpbyear12,2021_1,Q53d12,hpbyear12
scp,p_2021_1,hpbmnth02,2021_1,Q53d2,hpbmnth02
scp,p_2021_1,hpbyear02,2021_1,Q53d2,hpbyear02
scp,p_2021_1,hpbmnth03,2021_1,Q53d3,hpbmnth03
scp,p_2021_1,hpbyear03,2021_1,Q53d3,hpbyear03
scp,p_2021_1,hpbmnth04,2021_1,Q53d4,hpbmnth04
scp,p_2021_1,hpbyear04,2021_1,Q53d4,hpbyear04
scp,p_2021_1,hpbmnth05,2021_1,Q53d5,hpbmnth05
scp,p_2021_1,hpbyear05,2021_1,Q53d5,hpbyear05
scp,p_2021_1,hpbmnth06,2021_1,Q53d6,hpbmnth06
scp,p_2021_1,hpbyear06,2021_1,Q53d6,hpbyear06
scp,p_2021_1,hpbmnth07,2021_1,Q53d7,hpbmnth07
scp,p_2021_1,hpbyear07,2021_1,Q53d7,hpbyear07
scp,p_2021_1,hpbmnth08,2021_1,Q53d8,hpbmnth08
scp,p_2021_1,hpbyear08,2021_1,Q53d8,hpbyear08
scp,p_2021_1,hpbmnth09,2021_1,Q53d9,hpbmnth09
scp,p_2021_1,hpbyear09,2021_1,Q53d9,hpbyear09
scp,p_2021_1,hpall01,2021_1,Q53e1,hpall01
scp,p_2021_1,hpall10,2021_1,Q53e10,hpall10
scp,p_2021_1,hpall11,2021_1,Q53e11,hpall11
scp,p_2021_1,hpall12,2021_1,Q53e12,hpall12
scp,p_2021_1,hpall02,2021_1,Q53e2,hpall02
scp,p_2021_1,hpall03,2021_1,Q53e3,hpall03
scp,p_2021_1,hpall04,2021_1,Q53e4,hpall04
scp,p_2021_1,hpall05,2021_1,Q53e5,hpall05
scp,p_2021_1,hpall06,2021_1,Q53e6,hpall06
scp,p_2021_1,hpall07,2021_1,Q53e7,hpall07
scp,p_2021_1,hpall08,2021_1,Q53e8,hpall08
scp,p_2021_1,hpall09,2021_1,Q53e9,hpall09
scp,p_2021_1,ppanelcons,2021_1,Q54,ppanelcons
scp,p_2021_1,pdevice01,2021_1,Q56a,pdevice01
scp,p_2021_1,pdevice02,2021_1,Q56a,pdevice02
scp,p_2021_1,pdevice03,2021_1,Q56a,pdevice03
scp,p_2021_1,pdevice04,2021_1,Q56a,pdevice04
scp,p_2021_1,pdevice05,2021_1,Q56a,pdevice05
scp,p_2021_1,pbirthmnth,2021_1,Q6,pbirthmnth
scp,p_2021_1,pbirthyear,2021_1,Q6,pbirthyear
scp,p_2021_1,pfamstat,2021_1,Q7,pfamstat
scp,p_2021_1,pcohab,2021_1,Q8,pcohab
scp,p_2021_1,pcohabgebyear,2021_1,Q8a,pcohabgebyear
scp,p_2021_1,pcohabgender,2021_1,Q8b,pcohabgender
scp,p_2021_1,pcov01,2021_1,Q9,pcov01
scp,p_2021_1,pcov02,2021_1,Q9,pcov02
scp,p_2021_1,pcov03,2021_1,Q9,pcov03
scp,p_2021_1,pcov04,2021_1,Q9,pcov04
scp,p_2021_1,restype,2021_1,restype,restype
scp,p_2021_2,ankerwechsel,2021_2,ankerwechsel,ankerwechsel
scp,p_2021_2,interviewdatum,2021_2,interviewdatum,interviewdatum
scp,p_2021_2,interviewdauer,2021_2,interviewdauer,interviewdauer
scp,p_2021_2,interviewsprache,2021_2,interviewsprache,interviewsprache
scp,p_2021_2,intvollst,2021_2,intvollst,intvollst
scp,p_2021_2,pgmode,2021_2,pgmode,pgmode
scp,p_2021_2,plifesat01,2021_2,Q1,plifesat01
scp,p,plifesat01,2021_2,Q1,plifesat01
scp,p,plifesat02,2021_2,Q1,plifesat02
scp,p_2021_2,plifesat02,2021_2,Q1,plifesat02
scp,p,plifesat03,2021_2,Q1,plifesat03
scp,p_2021_2,plifesat03,2021_2,Q1,plifesat03
scp,p_2021_2,plifesat04,2021_2,Q1,plifesat04
scp,p,plifesat04,2021_2,Q1,plifesat04
scp,p_2021_2,plifesat05,2021_2,Q1,plifesat05
scp,p,plifesat05,2021_2,Q1,plifesat05
scp,p,plifesat06,2021_2,Q1,plifesat06
scp,p_2021_2,plifesat06,2021_2,Q1,plifesat06
scp,p_2021_2,plifesat07,2021_2,Q1,plifesat07
scp,p,plifesat07,2021_2,Q1,plifesat07
scp,p_2021_2,plifesat08,2021_2,Q1,plifesat08
scp,p,plifesat08,2021_2,Q1,plifesat08
scp,p,plifesat09,2021_2,Q1,plifesat09
scp,p_2021_2,plifesat09,2021_2,Q1,plifesat09
scp,p,plifesat10,2021_2,Q1,plifesat10
scp,p_2021_2,plifesat10,2021_2,Q1,plifesat10
scp,p,plifesat11,2021_2,Q1,plifesat11
scp,p_2021_2,plifesat11,2021_2,Q1,plifesat11
scp,p,plifesat12,2021_2,Q1,plifesat12
scp,p_2021_2,plifesat12,2021_2,Q1,plifesat12
scp,p,pmig01,2021_2,Q10,pmig01
scp,p_2021_2,pmig01,2021_2,Q10,pmig01
scp,p,pmig02,2021_2,Q10,pmig02
scp,p_2021_2,pmig02,2021_2,Q10,pmig02
scp,p,pmig03,2021_2,Q10,pmig03
scp,p_2021_2,pmig03,2021_2,Q10,pmig03
scp,p_2021_2,ppertrust01,2021_2,Q11,ppertrust01
scp,p,ppertrust01,2021_2,Q11,ppertrust01
scp,p_2021_2,ppertrust02,2021_2,Q11,ppertrust02
scp,p,ppertrust02,2021_2,Q11,ppertrust02
scp,p_2021_2,ppertrust03,2021_2,Q11,ppertrust03
scp,p,ppertrust03,2021_2,Q11,ppertrust03
scp,p_2021_2,ppertrust04,2021_2,Q11,ppertrust04
scp,p,ppertrust04,2021_2,Q11,ppertrust04
scp,p_2021_2,ppertrust05,2021_2,Q11,ppertrust05
scp,p,ppertrust05,2021_2,Q11,ppertrust05
scp,p_2021_2,ppertrust06,2021_2,Q11,ppertrust06
scp,p,ppertrust06,2021_2,Q11,ppertrust06
scp,p,ppertrust07,2021_2,Q11,ppertrust07
scp,p_2021_2,ppertrust07,2021_2,Q11,ppertrust07
scp,p_2021_2,ppertrust08,2021_2,Q11,ppertrust08
scp,p,ppertrust08,2021_2,Q11,ppertrust08
scp,p,pedugoal01,2021_2,Q12,pedugoal01
scp,p_2021_2,pedugoal01,2021_2,Q12,pedugoal01
scp,p_2021_2,pedugoal02,2021_2,Q12,pedugoal02
scp,p,pedugoal02,2021_2,Q12,pedugoal02
scp,p_2021_2,pedugoal03,2021_2,Q12,pedugoal03
scp,p,pedugoal03,2021_2,Q12,pedugoal03
scp,p,pedugoal04,2021_2,Q12,pedugoal04
scp,p_2021_2,pedugoal04,2021_2,Q12,pedugoal04
scp,p,pedugoal05,2021_2,Q12,pedugoal05
scp,p_2021_2,pedugoal05,2021_2,Q12,pedugoal05
scp,p,pedugoal06,2021_2,Q12,pedugoal06
scp,p_2021_2,pedugoal06,2021_2,Q12,pedugoal06
scp,p,pedugoal07,2021_2,Q12,pedugoal07
scp,p_2021_2,pedugoal07,2021_2,Q12,pedugoal07
scp,p_2021_2,pedugoal08,2021_2,Q12,pedugoal08
scp,p,pedugoal08,2021_2,Q12,pedugoal08
scp,p_2021_2,pedugoal09,2021_2,Q12,pedugoal09
scp,p,pedugoal09,2021_2,Q12,pedugoal09
scp,p_2021_2,pedugoal10,2021_2,Q12,pedugoal10
scp,p,pedugoal10,2021_2,Q12,pedugoal10
scp,p_2021_2,pedugoal11,2021_2,Q12,pedugoal11
scp,p,pedugoal11,2021_2,Q12,pedugoal11
scp,p_2021_2,pmotherhh,2021_2,Q13m,pmotherhh
scp,p,pmotherhh,2021_2,Q13m,pmotherhh
scp,p_2021_2,pfatherhh,2021_2,Q13v,pfatherhh
scp,p,pfatherhh,2021_2,Q13v,pfatherhh
scp,p_2021_2,pmotherbirth,2021_2,Q14m,pmotherbirth
scp,p,pmotherbirth,2021_2,Q14m,pmotherbirth
scp,p_2021_2,pfatherbirth,2021_2,Q14v,pfatherbirth
scp,p,pfatherbirth,2021_2,Q14v,pfatherbirth
scp,p_2021_2,pmothcountry,2021_2,Q15m,pmothcountry
scp,p,pmothcountry,2021_2,Q15m,pmothcountry
scp,p_2021_2,pfathcountry,2021_2,Q15v,pfathcountry
scp,p,pfathcountry,2021_2,Q15v,pfathcountry
scp,p_2021_2,pmothothcount,2021_2,Q16m,pmothothcount
scp,p,pmothothcount,2021_2,Q16m,pmothothcount
scp,p,pfathothcount,2021_2,Q16v,pfathothcount
scp,p_2021_2,pfathothcount,2021_2,Q16v,pfathothcount
scp,p,pmotheredu01,2021_2,Q17m,pmotheredu01
scp,p_2021_2,pmotheredu01,2021_2,Q17m,pmotheredu01
scp,p,pfatheredu01,2021_2,Q17v,pfatheredu01
scp,p_2021_2,pfatheredu01,2021_2,Q17v,pfatheredu01
scp,p_2021_2,pmotheredu02,2021_2,Q18m,pmotheredu02
scp,p,pmotheredu02,2021_2,Q18m,pmotheredu02
scp,p_2021_2,pfatheredu02,2021_2,Q18v,pfatheredu02
scp,p,pfatheredu02,2021_2,Q18v,pfatheredu02
scp,p,pmotherocc01,2021_2,Q19m,pmotherocc01
scp,p_2021_2,pmotherocc01,2021_2,Q19m,pmotherocc01
scp,p_2021_2,pmotherocc02,2021_2,Q19m_a,pmotherocc02
scp,p,pmotherocc02,2021_2,Q19m_a,pmotherocc02
scp,p_2021_2,pmotherocc03,2021_2,Q19m_b,pmotherocc03
scp,p,pmotherocc03,2021_2,Q19m_b,pmotherocc03
scp,p_2021_2,pmotherocc04,2021_2,Q19m_c,pmotherocc04
scp,p,pmotherocc04,2021_2,Q19m_c,pmotherocc04
scp,p,pmotherocc05,2021_2,Q19m_d,pmotherocc05
scp,p_2021_2,pmotherocc05,2021_2,Q19m_d,pmotherocc05
scp,p_2021_2,pfatherocc01,2021_2,Q19v,pfatherocc01
scp,p,pfatherocc01,2021_2,Q19v,pfatherocc01
scp,p_2021_2,pfatherocc02,2021_2,Q19v_a,pfatherocc02
scp,p,pfatherocc02,2021_2,Q19v_a,pfatherocc02
scp,p_2021_2,pfatherocc03,2021_2,Q19v_b,pfatherocc03
scp,p,pfatherocc03,2021_2,Q19v_b,pfatherocc03
scp,p_2021_2,pfatherocc04,2021_2,Q19v_c,pfatherocc04
scp,p,pfatherocc04,2021_2,Q19v_c,pfatherocc04
scp,p_2021_2,pfatherocc05,2021_2,Q19v_d,pfatherocc05
scp,p,pfatherocc05,2021_2,Q19v_d,pfatherocc05
scp,p_2021_2,pfeelnow01,2021_2,Q2,pfeelnow01
scp,p,pfeelnow01,2021_2,Q2,pfeelnow01
scp,p,pfeelnow02,2021_2,Q2,pfeelnow02
scp,p_2021_2,pfeelnow02,2021_2,Q2,pfeelnow02
scp,p,pfeelnow03,2021_2,Q2,pfeelnow03
scp,p_2021_2,pfeelnow03,2021_2,Q2,pfeelnow03
scp,p_2021_2,pfeelnow04,2021_2,Q2,pfeelnow04
scp,p,pfeelnow04,2021_2,Q2,pfeelnow04
scp,p,pfeelnow05,2021_2,Q2,pfeelnow05
scp,p_2021_2,pfeelnow05,2021_2,Q2,pfeelnow05
scp,p_2021_2,pmoccupation,2021_2,Q20m,pmoccupation
scp,p,pmoccupation,2021_2,Q20m,pmoccupation
scp,p_2021_2,pfoccupation,2021_2,Q20v,pfoccupation
scp,p,pfoccupation,2021_2,Q20v,pfoccupation
scp,p,pfathbeh01,2021_2,Q21a,pfathbeh01
scp,p_2021_2,pfathbeh01,2021_2,Q21a,pfathbeh01
scp,p_2021_2,pfathbeh02,2021_2,Q21a,pfathbeh02
scp,p,pfathbeh02,2021_2,Q21a,pfathbeh02
scp,p_2021_2,pfathbeh03,2021_2,Q21a,pfathbeh03
scp,p,pfathbeh03,2021_2,Q21a,pfathbeh03
scp,p_2021_2,pfathbeh04,2021_2,Q21a,pfathbeh04
scp,p,pfathbeh04,2021_2,Q21a,pfathbeh04
scp,p_2021_2,pfathbeh05,2021_2,Q21a,pfathbeh05
scp,p,pfathbeh05,2021_2,Q21a,pfathbeh05
scp,p_2021_2,pfathbeh06,2021_2,Q21a,pfathbeh06
scp,p,pfathbeh06,2021_2,Q21a,pfathbeh06
scp,p,pfathbeh07,2021_2,Q21a,pfathbeh07
scp,p_2021_2,pfathbeh07,2021_2,Q21a,pfathbeh07
scp,p_2021_2,pfathbeh08,2021_2,Q21a,pfathbeh08
scp,p,pfathbeh08,2021_2,Q21a,pfathbeh08
scp,p_2021_2,pmothbeh01,2021_2,Q21b,pmothbeh01
scp,p,pmothbeh01,2021_2,Q21b,pmothbeh01
scp,p_2021_2,pmothbeh02,2021_2,Q21b,pmothbeh02
scp,p,pmothbeh02,2021_2,Q21b,pmothbeh02
scp,p,pmothbeh03,2021_2,Q21b,pmothbeh03
scp,p_2021_2,pmothbeh03,2021_2,Q21b,pmothbeh03
scp,p_2021_2,pmothbeh04,2021_2,Q21b,pmothbeh04
scp,p,pmothbeh04,2021_2,Q21b,pmothbeh04
scp,p_2021_2,pmothbeh05,2021_2,Q21b,pmothbeh05
scp,p,pmothbeh05,2021_2,Q21b,pmothbeh05
scp,p_2021_2,pmothbeh06,2021_2,Q21b,pmothbeh06
scp,p,pmothbeh06,2021_2,Q21b,pmothbeh06
scp,p_2021_2,pmothbeh07,2021_2,Q21b,pmothbeh07
scp,p,pmothbeh07,2021_2,Q21b,pmothbeh07
scp,p_2021_2,pmothbeh08,2021_2,Q21b,pmothbeh08
scp,p,pmothbeh08,2021_2,Q21b,pmothbeh08
scp,p_2021_2,psocdes01,2021_2,Q22,psocdes01
scp,p,psocdes01,2021_2,Q22,psocdes01
scp,p,psocdes02,2021_2,Q22,psocdes02
scp,p_2021_2,psocdes02,2021_2,Q22,psocdes02
scp,p,psocdes03,2021_2,Q22,psocdes03
scp,p_2021_2,psocdes03,2021_2,Q22,psocdes03
scp,p_2021_2,psocdes04,2021_2,Q22,psocdes04
scp,p,psocdes04,2021_2,Q22,psocdes04
scp,p_2021_2,psocdes05,2021_2,Q22,psocdes05
scp,p,psocdes05,2021_2,Q22,psocdes05
scp,p_2021_2,psocdes06,2021_2,Q22,psocdes06
scp,p,psocdes06,2021_2,Q22,psocdes06
scp,p_2021_2,pconpec01,2021_2,Q23,pconpec01
scp,p,pconpec01,2021_2,Q23,pconpec01
scp,p_2021_2,pconpec02,2021_2,Q23,pconpec02
scp,p,pconpec02,2021_2,Q23,pconpec02
scp,p_2021_2,pconpec03,2021_2,Q23,pconpec03
scp,p,pconpec03,2021_2,Q23,pconpec03
scp,p,pconpec04,2021_2,Q23,pconpec04
scp,p_2021_2,pconpec04,2021_2,Q23,pconpec04
scp,p_2021_2,pschwartz01,2021_2,Q24,pschwartz01
scp,p,pschwartz01,2021_2,Q24,pschwartz01
scp,p_2021_2,pschwartz02,2021_2,Q24,pschwartz02
scp,p,pschwartz02,2021_2,Q24,pschwartz02
scp,p_2021_2,pschwartz03,2021_2,Q24,pschwartz03
scp,p,pschwartz03,2021_2,Q24,pschwartz03
scp,p_2021_2,pschwartz04,2021_2,Q24,pschwartz04
scp,p,pschwartz04,2021_2,Q24,pschwartz04
scp,p,pschwartz05,2021_2,Q24,pschwartz05
scp,p_2021_2,pschwartz05,2021_2,Q24,pschwartz05
scp,p_2021_2,pschwartz06,2021_2,Q24,pschwartz06
scp,p,pschwartz06,2021_2,Q24,pschwartz06
scp,p,pschwartz07,2021_2,Q24,pschwartz07
scp,p_2021_2,pschwartz07,2021_2,Q24,pschwartz07
scp,p,pschwartz08,2021_2,Q24,pschwartz08
scp,p_2021_2,pschwartz08,2021_2,Q24,pschwartz08
scp,p,pschwartz09,2021_2,Q24,pschwartz09
scp,p_2021_2,pschwartz09,2021_2,Q24,pschwartz09
scp,p_2021_2,pschwartz10,2021_2,Q24,pschwartz10
scp,p,pschwartz10,2021_2,Q24,pschwartz10
scp,p,pschwartz11,2021_2,Q24,pschwartz11
scp,p_2021_2,pschwartz11,2021_2,Q24,pschwartz11
scp,p,pschwartz12,2021_2,Q24,pschwartz12
scp,p_2021_2,pschwartz12,2021_2,Q24,pschwartz12
scp,p,pschwartz13,2021_2,Q24,pschwartz13
scp,p_2021_2,pschwartz13,2021_2,Q24,pschwartz13
scp,p,pschwartz14,2021_2,Q24,pschwartz14
scp,p_2021_2,pschwartz14,2021_2,Q24,pschwartz14
scp,p,pschwartz15,2021_2,Q24,pschwartz15
scp,p_2021_2,pschwartz15,2021_2,Q24,pschwartz15
scp,p_2021_2,pschwartz16,2021_2,Q24,pschwartz16
scp,p,pschwartz16,2021_2,Q24,pschwartz16
scp,p_2021_2,pschwartz17,2021_2,Q24,pschwartz17
scp,p,pschwartz17,2021_2,Q24,pschwartz17
scp,p,pschwartz18,2021_2,Q24,pschwartz18
scp,p_2021_2,pschwartz18,2021_2,Q24,pschwartz18
scp,p_2021_2,pschwartz19,2021_2,Q24,pschwartz19
scp,p,pschwartz19,2021_2,Q24,pschwartz19
scp,p_2021_2,pschwartz20,2021_2,Q24,pschwartz20
scp,p,pschwartz20,2021_2,Q24,pschwartz20
scp,p,pschwartz21,2021_2,Q24,pschwartz21
scp,p_2021_2,pschwartz21,2021_2,Q24,pschwartz21
scp,p,pnarcism01,2021_2,Q25,pnarcism01
scp,p_2021_2,pnarcism01,2021_2,Q25,pnarcism01
scp,p,pnarcism02,2021_2,Q25,pnarcism02
scp,p_2021_2,pnarcism02,2021_2,Q25,pnarcism02
scp,p,pnarcism03,2021_2,Q25,pnarcism03
scp,p_2021_2,pnarcism03,2021_2,Q25,pnarcism03
scp,p_2021_2,pnarcism04,2021_2,Q25,pnarcism04
scp,p,pnarcism04,2021_2,Q25,pnarcism04
scp,p,pnarcism05,2021_2,Q25,pnarcism05
scp,p_2021_2,pnarcism05,2021_2,Q25,pnarcism05
scp,p_2021_2,pnarcism06,2021_2,Q25,pnarcism06
scp,p,pnarcism06,2021_2,Q25,pnarcism06
scp,p_2021_2,pdiscrim01,2021_2,Q26,pdiscrim01
scp,p,pdiscrim01,2021_2,Q26,pdiscrim01
scp,p,pdiscrim02,2021_2,Q26,pdiscrim02
scp,p_2021_2,pdiscrim02,2021_2,Q26,pdiscrim02
scp,p,pdiscrim03,2021_2,Q26,pdiscrim03
scp,p_2021_2,pdiscrim03,2021_2,Q26,pdiscrim03
scp,p_2021_2,pdiscrim04,2021_2,Q26,pdiscrim04
scp,p,pdiscrim04,2021_2,Q26,pdiscrim04
scp,p_2021_2,pdiscrim05,2021_2,Q26,pdiscrim05
scp,p,pdiscrim05,2021_2,Q26,pdiscrim05
scp,p_2021_2,pdiscrim06,2021_2,Q26,pdiscrim06
scp,p,pdiscrim06,2021_2,Q26,pdiscrim06
scp,p_2021_2,pdiscrim07,2021_2,Q26,pdiscrim07
scp,p,pdiscrim07,2021_2,Q26,pdiscrim07
scp,p,pdiscrim08,2021_2,Q26,pdiscrim08
scp,p_2021_2,pdiscrim08,2021_2,Q26,pdiscrim08
scp,p_2021_2,pdiscrim09,2021_2,Q26,pdiscrim09
scp,p,pdiscrim09,2021_2,Q26,pdiscrim09
scp,p,pdiscrim10,2021_2,Q26,pdiscrim10
scp,p_2021_2,pdiscrim10,2021_2,Q26,pdiscrim10
scp,p_2021_2,pdiscrim11,2021_2,Q26,pdiscrim11
scp,p,pdiscrim11,2021_2,Q26,pdiscrim11
scp,p,pdiscrim12,2021_2,Q26,pdiscrim12
scp,p_2021_2,pdiscrim12,2021_2,Q26,pdiscrim12
scp,p,pdiscrimoth,2021_2,Q26,pdiscrimoth
scp,p,pincsource01,2021_2,Q27,pincsource01
scp,p_2021_2,pincsource01,2021_2,Q27,pincsource01
scp,p,pincsource02,2021_2,Q27,pincsource02
scp,p_2021_2,pincsource02,2021_2,Q27,pincsource02
scp,p,pincsource03,2021_2,Q27,pincsource03
scp,p_2021_2,pincsource03,2021_2,Q27,pincsource03
scp,p_2021_2,pincsource04,2021_2,Q27,pincsource04
scp,p,pincsource04,2021_2,Q27,pincsource04
scp,p,pincsource05,2021_2,Q27,pincsource05
scp,p_2021_2,pincsource05,2021_2,Q27,pincsource05
scp,p,pincsource06,2021_2,Q27,pincsource06
scp,p_2021_2,pincsource06,2021_2,Q27,pincsource06
scp,p,pnoincsource,2021_2,Q27,pnoincsource
scp,p_2021_2,pnoincsource,2021_2,Q27,pnoincsource
scp,p_2021_2,plabincbrut,2021_2,Q28,plabincbrut
scp,p,plabincbrut,2021_2,Q28,plabincbrut
scp,p_2021_2,plabincnet,2021_2,Q28,plabincnet
scp,p,plabincnet,2021_2,Q28,plabincnet
scp,p_2021_2,pnolabinc,2021_2,Q28,pnolabinc
scp,p,pnolabinc,2021_2,Q28,pnolabinc
scp,p_2021_2,potherinc,2021_2,Q29,potherinc
scp,p,potherinc,2021_2,Q29,potherinc
scp,p_2021_2,psoccoh01,2021_2,Q3,psoccoh01
scp,p,psoccoh01,2021_2,Q3,psoccoh01
scp,p_2021_2,psoccoh02,2021_2,Q3,psoccoh02
scp,p,psoccoh02,2021_2,Q3,psoccoh02
scp,p,psoccoh03,2021_2,Q3,psoccoh03
scp,p_2021_2,psoccoh03,2021_2,Q3,psoccoh03
scp,p,psoccoh04,2021_2,Q3,psoccoh04
scp,p_2021_2,psoccoh04,2021_2,Q3,psoccoh04
scp,p_2021_2,pempstat,2021_2,Q30,pempstat
scp,p,pempstat,2021_2,Q30,pempstat
scp,p_2021_2,pparentalpt,2021_2,Q31,pparentalpt
scp,p,pparentalpt,2021_2,Q31,pparentalpt
scp,p_2021_2,pminijob,2021_2,Q32,pminijob
scp,p,pminijob,2021_2,Q32,pminijob
scp,p,pminipension,2021_2,Q33,pminipension
scp,p_2021_2,pminipension,2021_2,Q33,pminipension
scp,p_2021_2,pshorttime,2021_2,Q34,pshorttime
scp,p,pshorttime,2021_2,Q34,pshorttime
scp,p_2021_2,phiremonth,2021_2,Q35,phiremonth
scp,p,phiremonth,2021_2,Q35,phiremonth
scp,p,phireyear,2021_2,Q35,phireyear
scp,p_2021_2,phireyear,2021_2,Q35,phireyear
scp,p_2021_2,pfirmsize,2021_2,Q36,pfirmsize
scp,p,pfirmsize,2021_2,Q36,pfirmsize
scp,p,pworkhrscontr,2021_2,Q37,pworkhrscontr
scp,p_2021_2,pworkhrscontr,2021_2,Q37,pworkhrscontr
scp,p_2021_2,pworkhrscontr_NA,2021_2,Q37,pworkhrscontr_NA
scp,p_2021_2,pworkhrsact,2021_2,Q38,pworkhrsact
scp,p,pworkhrsact,2021_2,Q38,pworkhrsact
scp,p_2021_2,ppaidwork,2021_2,Q39,ppaidwork
scp,p,ppaidwork,2021_2,Q39,ppaidwork
scp,p_2021_2,ppolinterst,2021_2,Q4,ppolinterst
scp,p,ppolinterst,2021_2,Q4,ppolinterst
scp,p_2021_2,pgender01,2021_2,Q40,pgender01
scp,p,pgender01,2021_2,Q40,pgender01
scp,p_2021_2,pgender02,2021_2,Q40,pgender02
scp,p,pgender02,2021_2,Q40,pgender02
scp,p,pgender03,2021_2,Q40,pgender03
scp,p_2021_2,pgender03,2021_2,Q40,pgender03
scp,p,pgender04,2021_2,Q40,pgender04
scp,p_2021_2,pgender04,2021_2,Q40,pgender04
scp,p,pgender05,2021_2,Q40,pgender05
scp,p_2021_2,pgender05,2021_2,Q40,pgender05
scp,p_2021_2,pcovidcosts01,2021_2,Q41,pcovidcosts01
scp,p,pcovidcosts01,2021_2,Q41,pcovidcosts01
scp,p,pcovidcosts02,2021_2,Q41,pcovidcosts02
scp,p_2021_2,pcovidcosts02,2021_2,Q41,pcovidcosts02
scp,p_2021_2,pcovidcosts03,2021_2,Q41,pcovidcosts03
scp,p,pcovidcosts03,2021_2,Q41,pcovidcosts03
scp,p,pcovidcosts04,2021_2,Q41,pcovidcosts04
scp,p_2021_2,pcovidcosts04,2021_2,Q41,pcovidcosts04
scp,p,pcovidtax,2021_2,Q42,pcovidtax
scp,p_2021_2,pcovidtax,2021_2,Q42,pcovidtax
scp,p,psocdom01,2021_2,Q43,psocdom01
scp,p_2021_2,psocdom01,2021_2,Q43,psocdom01
scp,p,psocdom02,2021_2,Q43,psocdom02
scp,p_2021_2,psocdom02,2021_2,Q43,psocdom02
scp,p_2021_2,psocdom03,2021_2,Q43,psocdom03
scp,p,psocdom03,2021_2,Q43,psocdom03
scp,p,psocdom04,2021_2,Q43,psocdom04
scp,p_2021_2,psocdom04,2021_2,Q43,psocdom04
scp,p_2021_2,pauthor01,2021_2,Q44,pauthor01
scp,p,pauthor01,2021_2,Q44,pauthor01
scp,p,pauthor02,2021_2,Q44,pauthor02
scp,p_2021_2,pauthor02,2021_2,Q44,pauthor02
scp,p,pauthor03,2021_2,Q44,pauthor03
scp,p_2021_2,pauthor03,2021_2,Q44,pauthor03
scp,p,pauthor04,2021_2,Q44,pauthor04
scp,p_2021_2,pauthor04,2021_2,Q44,pauthor04
scp,p,pauthor05,2021_2,Q44,pauthor05
scp,p_2021_2,pauthor05,2021_2,Q44,pauthor05
scp,p_2021_2,pauthor06,2021_2,Q44,pauthor06
scp,p,pauthor06,2021_2,Q44,pauthor06
scp,p_2021_2,pauthor07,2021_2,Q44,pauthor07
scp,p,pauthor07,2021_2,Q44,pauthor07
scp,p_2021_2,pauthor08,2021_2,Q44,pauthor08
scp,p,pauthor08,2021_2,Q44,pauthor08
scp,p,pauthor09,2021_2,Q44,pauthor09
scp,p_2021_2,pauthor09,2021_2,Q44,pauthor09
scp,p,prelfund01,2021_2,Q45,prelfund01
scp,p_2021_2,prelfund01,2021_2,Q45,prelfund01
scp,p_2021_2,prelfund02,2021_2,Q45,prelfund02
scp,p,prelfund02,2021_2,Q45,prelfund02
scp,p,prelfund03,2021_2,Q45,prelfund03
scp,p_2021_2,prelfund03,2021_2,Q45,prelfund03
scp,p_2021_2,prelfund04,2021_2,Q45,prelfund04
scp,p,prelfund04,2021_2,Q45,prelfund04
scp,p,psubjhealth,2021_2,Q46,psubjhealth
scp,p_2021_2,psubjhealth,2021_2,Q46,psubjhealth
scp,p_2021_2,pdisability,2021_2,Q47,pdisability
scp,p,pdisability,2021_2,Q47,pdisability
scp,p_2021_2,pdisabdegree,2021_2,Q47a,pdisabdegree
scp,p,pdisabdegree,2021_2,Q47a,pdisabdegree
scp,p,pactivity01,2021_2,Q48,pactivity01
scp,p_2021_2,pactivity01,2021_2,Q48,pactivity01
scp,p,pactivity02,2021_2,Q48,pactivity02
scp,p_2021_2,pactivity02,2021_2,Q48,pactivity02
scp,p_2021_2,pactivity03,2021_2,Q48,pactivity03
scp,p,pactivity03,2021_2,Q48,pactivity03
scp,p,pactivity04,2021_2,Q48,pactivity04
scp,p_2021_2,pactivity04,2021_2,Q48,pactivity04
scp,p_2021_2,pactivity05,2021_2,Q48,pactivity05
scp,p,pactivity05,2021_2,Q48,pactivity05
scp,p,pactivity06,2021_2,Q48,pactivity06
scp,p_2021_2,pactivity06,2021_2,Q48,pactivity06
scp,p,pactivity07,2021_2,Q48,pactivity07
scp,p_2021_2,pactivity07,2021_2,Q48,pactivity07
scp,p,pactivity08,2021_2,Q48,pactivity08
scp,p_2021_2,pactivity08,2021_2,Q48,pactivity08
scp,p_2021_2,pactivity09,2021_2,Q48,pactivity09
scp,p,pactivity09,2021_2,Q48,pactivity09
scp,p,pactivity10,2021_2,Q48,pactivity10
scp,p_2021_2,pactivity10,2021_2,Q48,pactivity10
scp,p_2021_2,pactivity11,2021_2,Q48,pactivity11
scp,p,pactivity11,2021_2,Q48,pactivity11
scp,p,pactivity12,2021_2,Q48,pactivity12
scp,p_2021_2,pactivity12,2021_2,Q48,pactivity12
scp,p,pactivity13,2021_2,Q48,pactivity13
scp,p_2021_2,pactivity13,2021_2,Q48,pactivity13
scp,p,pactivity14,2021_2,Q48,pactivity14
scp,p_2021_2,pactivity14,2021_2,Q48,pactivity14
scp,p,pactivity15,2021_2,Q48,pactivity15
scp,p_2021_2,pactivity15,2021_2,Q48,pactivity15
scp,p_2021_2,pactivity16,2021_2,Q48,pactivity16
scp,p,pactivity16,2021_2,Q48,pactivity16
scp,p,pactivity17,2021_2,Q48,pactivity17
scp,p_2021_2,pactivity17,2021_2,Q48,pactivity17
scp,p_2021_2,pactivity18,2021_2,Q48,pactivity18
scp,p,pactivity18,2021_2,Q48,pactivity18
scp,p,pactivity19,2021_2,Q48,pactivity19
scp,p_2021_2,pactivity19,2021_2,Q48,pactivity19
scp,p,pactivity20,2021_2,Q48,pactivity20
scp,p_2021_2,pactivity20,2021_2,Q48,pactivity20
scp,p_2021_2,pbirthyear,2021_2,Q49,pbirthyear
scp,p,pbirthyear,2021_2,Q49,pbirthyear
scp,p,pgender,2021_2,Q50,pgender
scp,p_2021_2,pgender,2021_2,Q50,pgender
scp,h,hhhsize,2021_2,Q51,hhhsize
scp,h_2021_2,hhhsize,2021_2,Q51,hhhsize
scp,h_2021_2,hhhage01,2021_2,Q52,hhhage01
scp,h,hhhage01,2021_2,Q52,hhhage01
scp,h_2021_2,hhhage02,2021_2,Q52,hhhage02
scp,h,hhhage02,2021_2,Q52,hhhage02
scp,h_2021_2,hhhage03,2021_2,Q52,hhhage03
scp,h,hhhage03,2021_2,Q52,hhhage03
scp,h,hcareneed,2021_2,Q53,hcareneed
scp,h_2021_2,hcareneed,2021_2,Q53,hcareneed
scp,h,hcarebenefits,2021_2,Q54,hcarebenefits
scp,h_2021_2,hcarebenefits,2021_2,Q54,hcarebenefits
scp,h,hcarelevel,2021_2,Q55,hcarelevel
scp,h_2021_2,hcarelevel,2021_2,Q55,hcarelevel
scp,h,hmoveinmth,2021_2,Q56,hmoveinmth
scp,h_2021_2,hmoveinmth,2021_2,Q56,hmoveinmth
scp,h,hmoveinyr,2021_2,Q56,hmoveinyr
scp,h_2021_2,hmoveinyr,2021_2,Q56,hmoveinyr
scp,h,hflatsize,2021_2,Q57,hflatsize
scp,h_2021_2,hflatsize,2021_2,Q57,hflatsize
scp,h_2021_2,hhousetype,2021_2,Q58,hhousetype
scp,h,hhousetype,2021_2,Q58,hhousetype
scp,h,hdorm01,2021_2,Q59,hdorm01
scp,h_2021_2,hdorm01,2021_2,Q59,hdorm01
scp,p,ppartytend,2021_2,Q5a,ppartytend
scp,p_2021_2,ppartytend,2021_2,Q5a,ppartytend
scp,p,pothpartend,2021_2,Q5b,pothpartend
scp,p,pinform01,2021_2,Q6,pinform01
scp,p_2021_2,pinform01,2021_2,Q6,pinform01
scp,p_2021_2,pinform02,2021_2,Q6,pinform02
scp,p,pinform02,2021_2,Q6,pinform02
scp,p_2021_2,pinform03,2021_2,Q6,pinform03
scp,p,pinform03,2021_2,Q6,pinform03
scp,p,pinform04,2021_2,Q6,pinform04
scp,p_2021_2,pinform04,2021_2,Q6,pinform04
scp,p,pinform05,2021_2,Q6,pinform05
scp,p_2021_2,pinform05,2021_2,Q6,pinform05
scp,p,pinform06,2021_2,Q6,pinform06
scp,p_2021_2,pinform06,2021_2,Q6,pinform06
scp,p_2021_2,pinform07,2021_2,Q6,pinform07
scp,p,pinform07,2021_2,Q6,pinform07
scp,p,pinform08,2021_2,Q6,pinform08
scp,p_2021_2,pinform08,2021_2,Q6,pinform08
scp,p,pinform09,2021_2,Q6,pinform09
scp,p_2021_2,pinform09,2021_2,Q6,pinform09
scp,h_2021_2,hdorm02,2021_2,Q60,hdorm02
scp,h,hdorm02,2021_2,Q60,hdorm02
scp,h,hothdorm,2021_2,Q60a,hothdorm
scp,h_2021_2,htenancy,2021_2,Q61,htenancy
scp,h,htenancy,2021_2,Q61,htenancy
scp,h,hnorent,2021_2,Q62,hnorent
scp,h_2021_2,hnorent,2021_2,Q62,hnorent
scp,h,hrentcold,2021_2,Q62,hrentcold
scp,h_2021_2,hrentcold,2021_2,Q62,hrentcold
scp,h_2021_2,hrentwarm,2021_2,Q62,hrentwarm
scp,h,hrentwarm,2021_2,Q62,hrentwarm
scp,h_2021_2,hbuildloan1,2021_2,Q63,hbuildloan1
scp,h,hbuildloan01,2021_2,Q63,hbuildloan1
scp,h,hbloan1int,2021_2,Q64,hbloan1int
scp,h_2021_2,hbloan1int,2021_2,Q64,hbloan1int
scp,h_2021_2,hrentincyn,2021_2,Q65,hrentincyn
scp,h,hrentincyn,2021_2,Q65,hrentincyn
scp,h_2021_2,hrentinc,2021_2,Q66,hrentinc
scp,h,hrentinc,2021_2,Q66,hrentinc
scp,h_2021_2,hrepaircostyn,2021_2,Q67,hrepaircostyn
scp,h,hrepaircostyn,2021_2,Q67,hrepaircostyn
scp,h_2021_2,hrepaircost,2021_2,Q68,hrepaircost
scp,h,hrepaircost,2021_2,Q68,hrepaircost
scp,h,hbuildloan2,2021_2,Q69,hbuildloan2
scp,h_2021_2,hbuildloan2,2021_2,Q69,hbuildloan2
scp,p,pinfsocmed,2021_2,Q7,pinfsocmed
scp,p_2021_2,pinfsocmed,2021_2,Q7,pinfsocmed
scp,h,hbloan2int,2021_2,Q70,hbloan2int
scp,h_2021_2,hbloan2int,2021_2,Q70,hbloan2int
scp,h_2021_2,hothloan,2021_2,Q71,hothloan
scp,h,hothloan,2021_2,Q71,hothloan
scp,h_2021_2,hothloanint,2021_2,Q72,hothloanint
scp,h,hothloanint,2021_2,Q72,hothloanint
scp,h_2021_2,hasset01,2021_2,Q73,hasset01
scp,h,hasset01,2021_2,Q73,hasset01
scp,h_2021_2,hasset02,2021_2,Q73,hasset02
scp,h,hasset02,2021_2,Q73,hasset02
scp,h_2021_2,hasset03,2021_2,Q73,hasset03
scp,h,hasset03,2021_2,Q73,hasset03
scp,h,hasset04,2021_2,Q73,hasset04
scp,h_2021_2,hasset04,2021_2,Q73,hasset04
scp,h,hasset05,2021_2,Q73,hasset05
scp,h_2021_2,hasset05,2021_2,Q73,hasset05
scp,h_2021_2,hnoasset,2021_2,Q73,hnoasset
scp,h,hnoasset,2021_2,Q73,hnoasset
scp,h_2021_2,hreturns,2021_2,Q74,hreturns
scp,h,hreturns,2021_2,Q74,hreturns
scp,h_2021_2,hreturns_NA,2021_2,Q74,hreturns_NA
scp,h_2021_2,hreturnsprox,2021_2,Q75,hreturnsprox
scp,h,hreturnsprox,2021_2,Q75,hreturnsprox
scp,h,hwealth,2021_2,Q76,hwealth
scp,h_2021_2,hwealth,2021_2,Q76,hwealth
scp,h,hchildben01,2021_2,Q77a1,hchildben01
scp,h_2021_2,hchildben01,2021_2,Q77a1,hchildben01
scp,h_2021_2,hchildben02,2021_2,Q77a2,hchildben02
scp,h,hchildben02,2021_2,Q77a2,hchildben02
scp,h_2021_2,hchildben03,2021_2,Q77a2,hchildben03
scp,h,hchildben03,2021_2,Q77a2,hchildben03
scp,h_2021_2,hchildallow01,2021_2,Q77b1,hchildallow01
scp,h,hchildallow01,2021_2,Q77b1,hchildallow01
scp,h,hchildallow02,2021_2,Q77b2,hchildallow02
scp,h_2021_2,hchildallow02,2021_2,Q77b2,hchildallow02
scp,h_2021_2,heduben01,2021_2,Q77c1,heduben01
scp,h,heduben01,2021_2,Q77c1,heduben01
scp,h_2021_2,heduben02,2021_2,Q77c2,heduben02
scp,h,heduben02,2021_2,Q77c2,heduben02
scp,h,halg2_01,2021_2,Q77d1,halg2_01
scp,h_2021_2,halg2_01,2021_2,Q77d1,halg2_01
scp,h_2021_2,halg2_02,2021_2,Q77d2,halg2_02
scp,h,halg2_02,2021_2,Q77d2,halg2_02
scp,h_2021_2,hcareinsur01,2021_2,Q77e1,hcareinsur01
scp,h,hcareinsur01,2021_2,Q77e1,hcareinsur01
scp,h,hcareinsur02,2021_2,Q77e2,hcareinsur02
scp,h_2021_2,hcareinsur02,2021_2,Q77e2,hcareinsur02
scp,h,hlifesup01,2021_2,Q77f1,hlifesup01
scp,h_2021_2,hlifesup01,2021_2,Q77f1,hlifesup01
scp,h_2021_2,hlifesup02,2021_2,Q77f2,hlifesup02
scp,h,hlifesup02,2021_2,Q77f2,hlifesup02
scp,h,hsocialben01,2021_2,Q77g1,hsocialben01
scp,h_2021_2,hsocialben01,2021_2,Q77g1,hsocialben01
scp,h,hsocialben02,2021_2,Q77g2,hsocialben02
scp,h_2021_2,hsocialben02,2021_2,Q77g2,hsocialben02
scp,h,hhousallow01,2021_2,Q77h1,hhousallow01
scp,h_2021_2,hhousallow01,2021_2,Q77h1,hhousallow01
scp,h,hhousallow02,2021_2,Q77h2,hhousallow02
scp,h_2021_2,hhousallow02,2021_2,Q77h2,hhousallow02
scp,h_2021_2,hhhincnet,2021_2,Q78,hhhincnet
scp,h,hhhincnet,2021_2,Q78,hhhincnet
scp,h_2021_2,hnosaving,2021_2,Q79,hnosaving
scp,h,hnosaving,2021_2,Q79,hnosaving
scp,h,hsaving01,2021_2,Q79,hsaving01
scp,h_2021_2,hsaving01,2021_2,Q79,hsaving01
scp,h,hsaving02,2021_2,Q79,hsaving02
scp,h_2021_2,hsaving02,2021_2,Q79,hsaving02
scp,h_2021_2,hsavaccum,2021_2,Q79a,hsavaccum
scp,h,hsavaccum,2021_2,Q79a,hsavaccum
scp,h,hsavprecaut,2021_2,Q79b,hsavprecaut
scp,h_2021_2,hsavprecaut,2021_2,Q79b,hsavprecaut
scp,p,pfollow01,2021_2,Q8,pfollow01
scp,p_2021_2,pfollow01,2021_2,Q8,pfollow01
scp,p,pfollow02,2021_2,Q8,pfollow02
scp,p_2021_2,pfollow02,2021_2,Q8,pfollow02
scp,p_2021_2,pfollow03,2021_2,Q8,pfollow03
scp,p,pfollow03,2021_2,Q8,pfollow03
scp,p_2021_2,pfollow04,2021_2,Q8,pfollow04
scp,p,pfollow04,2021_2,Q8,pfollow04
scp,p,pfollow05,2021_2,Q8,pfollow05
scp,p_2021_2,pfollow05,2021_2,Q8,pfollow05
scp,p,pfollow06,2021_2,Q8,pfollow06
scp,p_2021_2,pfollow06,2021_2,Q8,pfollow06
scp,h,hsameaddress,2021_2,Q80,hsameaddress
scp,p_2021_2,pglob01,2021_2,Q9,pglob01
scp,p,pglob01,2021_2,Q9,pglob01
scp,p,pglob02,2021_2,Q9,pglob02
scp,p_2021_2,pglob02,2021_2,Q9,pglob02
scp,p_2021_2,pglob03,2021_2,Q9,pglob03
scp,p,pglob03,2021_2,Q9,pglob03
scp,p,pglob04,2021_2,Q9,pglob04
scp,p_2021_2,pglob04,2021_2,Q9,pglob04
scp,p,pglob05,2021_2,Q9,pglob05
scp,p_2021_2,pglob05,2021_2,Q9,pglob05
scp,p_2021_2,restype,2021_2,restype,restype
